customer_id,first_name,last_name,email,phone_number,created_at
1,Regina,Banks,kjones@petty.biz,3748312327,2022-11-20 19:15:32
2,Mark,Pena,mercedes42@warner.com,001-698-370-11973825,2025-02-08 03:18:03
3,Amanda,Carney,ricardosimmons@gmail.com,946-520-9112,2022-06-28 09:04:15
4,Brandon,Lee,kelleycharles@hotmail.com,915139915510333,2023-03-06 14:40:08
5,Theresa,Ramirez,amybrown@butler.biz,(307)514-887186410,2024-08-19 05:20:11
6,William,Hayden,kbailey@gmail.com,+1-421-594-8798,2022-09-25 20:03:32
7,Sarah,Mata,marshdakota@gmail.com,+1-276-218-086789262,2024-03-16 18:46:30
8,Chad,Kelley,cynthiaramos@hotmail.com,001-463-061-591278986,2023-10-11 14:46:09
9,Kirsten,Duran,haley08@yahoo.com,(539)142-80918797,2021-04-05 09:22:27
10,Carla,Young,csoto@yahoo.com,+1-934-064-2110462,2021-08-19 12:37:48
11,Linda,Rivera,jbrown@goodman.com,55658954515831,2021-11-19 20:15:45
12,Marcia,Hoffman,xmurillo@yahoo.com,0958379913,2023-04-14 16:58:49
13,Sandra,Martinez,benjamingregory@green-benson.com,(390)659-979587739,2024-01-25 15:55:22
14,Christian,Thompson,nathanielhughes@hotmail.com,(551)142-221633019,2021-08-28 05:36:48
15,Yolanda,Smith,gregory05@gmail.com,,2021-09-25 23:41:12
16,Jennifer,Ellis,trodriguez@stafford.com,289-002-5709694,2024-01-01 06:27:46
17,Greg,Patterson,uayala@king.org,0194266713484,2020-06-25 15:34:54
18,Kiara,Dean,grantnichole@mosley.com,(953)712-695827155,2021-08-09 17:25:37
19,Robert,Gardner,montgomeryelizabeth@yahoo.com,511-997-275541172,2021-08-17 19:34:40
20,Bobby,Oliver,beardsylvia@kelley.com,795-826-00664663,2021-08-16 04:33:27
21,Kevin,Bond,lbaxter@yahoo.com,5417998722,2022-11-19 17:38:04
22,Tammy,Byrd,williamsonsabrina@hotmail.com,(422)557-1760202,2024-01-15 00:22:13
23,Steven,Cooper,trichardson@reed.net,184-556-23711253,2024-02-20 20:51:27
24,Claire,Johnson,molinacole@ross-butler.com,6285569704917,2023-09-09 16:59:15
25,Kyle,Ward,lmiller@leblanc.com,(763)728-333454957,2021-11-26 01:38:58
26,Melissa,Taylor,kimberlychoi@gardner.info,76359795342265,2020-03-02 07:42:47
27,Joann,Chan,dyermalik@gmail.com,49635325059952,2023-07-09 00:49:14
28,Sarah,Mack,wagnerjoshua@hotmail.com,834-449-0222,2024-08-10 18:00:57
29,Keith,Huang,lamblaura@gmail.com,192-627-229688391,2021-10-17 09:22:58
30,James,Lewis,gregoryburke@riddle.biz,(084)640-3466,2021-09-13 11:21:30
31,Theresa,Rose,waltersbrenda@alexander.com,+1-524-361-7547,2023-05-23 00:55:59
32,Greg,Moran,anna36@wilson-nelson.com,+1-335-289-670876508,2022-08-14 16:22:39
33,Lisa,Monroe,scott03@pacheco.com,128021523615225,2020-07-04 13:33:53
34,Monica,Hutchinson,qthompson@gmail.com,259-333-14488738,2022-07-02 12:56:25
35,Tammy,Donaldson,derekwilson@ford.net,+1-576-100-8214558,2024-03-23 23:06:46
36,John,Webb,robert65@morris.biz,9043288185798,2022-07-23 11:11:54
37,Tommy,Carter,anna12@gmail.com,001-763-119-545772779,2022-05-07 16:23:07
38,Anthony,Cooper,eric29@adams.com,+1-592-359-463750349,2022-05-18 17:54:49
39,Maria,Lucas,rivasaaron@yahoo.com,+1-902-761-3089,2025-02-07 04:44:47
40,Stephen,Perez,charles42@roberts.com,11557985397775,2020-11-02 16:22:32
41,Roger,Benson,nicole15@yahoo.com,213106802668976,2022-02-15 21:27:34
42,Monica,Ford,mooneykaren@yahoo.com,011-551-2736980,2021-02-17 09:36:57
43,Eric,Shannon,ojohnson@hotmail.com,001-030-722-20029945,2023-03-18 12:23:26
44,Chelsea,Murray,gvincent@yahoo.com,524-944-2841,2024-11-26 08:19:45
45,Gerald,Hernandez,ericgarcia@oliver-marsh.com,001-010-268-7718691,2024-10-22 10:04:32
46,Sherry,Warner,paulmartin@mason.com,,2021-04-18 00:04:06
47,Yolanda,Crawford,abrown@yahoo.com,001-346-030-08391958,2023-11-19 16:01:54
48,Stephanie,Chavez,jjohnson@moore.com,045-551-927493255,2020-09-30 17:55:33
49,Veronica,Williams,cobrien@hotmail.com,+1-989-670-4985,2021-10-03 04:55:27
50,Connie,Curtis,jennifermiranda@hotmail.com,,2022-11-29 20:19:39
51,Scott,Jones,benjaminhiggins@stewart.org,(728)180-6959348,2024-12-21 21:19:45
52,Edward,Brandt,julia66@clark.com,200-043-9494,2020-04-04 07:53:56
53,Michael,Rose,rosejohnny@jones.com,,2021-05-29 18:35:29
54,Latoya,Lopez,sarahknight@hotmail.com,6972612992,2024-10-25 16:59:46
55,Melissa,Rodriguez,zacharyroberts@valdez.org,6891666488926,2021-01-03 20:14:55
56,Laurie,Clements,matthew29@yahoo.com,(716)049-0731,2021-09-19 23:05:55
57,Alexander,Wilkins,tara95@hotmail.com,+1-056-057-7386,2023-12-30 07:06:56
58,Melissa,Cruz,gilbertdawson@tapia.com,480-340-180884978,2020-04-02 15:43:18
59,Emily,Garcia,mark05@collins-hart.org,+1-383-799-550984709,2024-01-09 21:43:00
60,Andrew,Walker,ybrown@chavez.com,20346694174777,2021-11-02 08:23:21
61,Michael,Holder,phillipwebster@gmail.com,001-642-658-9630,2022-06-05 15:07:48
62,Chelsea,Flores,daviskathryn@yahoo.com,(395)021-2170,2023-04-17 21:51:24
63,Brian,Wilkerson,janetfields@yahoo.com,001-103-935-9366783,2020-03-16 21:23:37
64,Jennifer,Smith,cooperheather@hotmail.com,,2022-10-20 13:36:01
65,Henry,Pierce,nathaniel97@keller.com,+1-785-415-50629058,2024-10-28 23:19:35
66,Mary,Lee,alyssajohnson@allen-wheeler.info,001-854-259-786212535,2020-12-28 19:57:08
67,Carl,Andrews,marybird@hayden.com,(179)915-34764754,2021-06-27 01:27:38
68,Fernando,Gardner,james14@hotmail.com,0411245207173,2021-04-13 13:24:29
69,Amanda,Diaz,clayton51@berry-norton.com,719-233-9622,2023-02-18 05:10:37
70,Emily,Rodriguez,christopherspence@morris.com,001-534-030-11098134,2024-02-04 13:28:32
71,Samantha,Price,hodgeaudrey@gmail.com,232-322-3510760,2020-03-05 11:22:12
72,Tammy,Chavez,thomaskyle@orozco.com,001-629-480-6549,2020-04-15 06:05:20
73,Dillon,Berg,chamberscarol@griffin.com,+1-376-548-8725133,2021-11-13 09:37:52
74,Shawn,Brown,sheila54@henderson.com,+1-332-380-7494441,2021-05-05 15:15:02
75,Gloria,Ferrell,joneschristopher@chang.com,15805749066646,2021-10-25 03:35:33
76,Veronica,Maldonado,englishrodney@gmail.com,(553)109-94778894,2021-10-28 07:34:58
77,Samuel,Austin,jamiebaker@lopez-arnold.biz,9506375057621,2022-08-12 19:07:32
78,Connie,Love,lararobert@atkinson-winters.biz,001-480-406-9050839,2023-02-17 02:50:02
79,Joseph,Myers,nmorris@yahoo.com,(842)727-5588,2023-10-15 17:29:50
80,Carrie,Hughes,jaimekline@hotmail.com,439-829-3760,2022-05-10 10:22:20
81,Christopher,Howard,john25@gmail.com,001-461-685-108048876,2021-12-15 05:08:18
82,Thomas,Steele,mckinneychristopher@adams.com,,2021-05-13 02:55:17
83,Derrick,Hansen,carmen20@yahoo.com,+1-435-569-6259,2023-06-09 22:19:14
84,Gabrielle,Curry,david57@hotmail.com,001-205-438-0008139,2024-09-27 19:51:44
85,Jason,Arellano,wgomez@hotmail.com,+1-405-154-6716107,2022-05-22 14:02:13
86,Glenda,Sampson,darrylford@meyers-peterson.org,(061)301-27804625,2021-04-16 12:14:36
87,John,Vargas,michele75@faulkner.org,062-756-012945,2022-05-06 18:53:11
88,Jose,Robinson,landryregina@cooper.com,2122256136808,2022-09-30 07:33:02
89,Melissa,Murray,richard15@fernandez-smith.biz,113-413-9311,2021-03-14 00:08:21
90,James,Moore,amy36@contreras-allen.com,07194326102666,2020-02-03 16:15:09
91,Larry,Lee,dpowers@hotmail.com,+1-407-986-0333883,2024-02-03 16:59:56
92,Andrea,Jenkins,piercejohn@gonzales.com,(406)192-5207,2022-07-31 01:21:22
93,Brenda,Edwards,harrisalexander@flores.com,61193783614071,2025-01-28 13:09:28
94,Denise,Sullivan,alyssa10@vaughn-scott.com,+1-434-260-4446,2021-03-24 18:42:42
95,Kathleen,Gardner,marilyn16@hotmail.com,001-065-411-3296274,2023-02-13 12:28:07
96,Brittany,Lopez,ysanchez@duncan.com,1498329366605,2021-07-05 15:29:03
97,Benjamin,Cantrell,crystal86@wells.com,143924382964356,2021-10-08 11:21:26
98,Bailey,Jones,carrollcharles@yahoo.com,001-660-204-066257909,2022-12-06 18:54:50
99,Adam,Perkins,uluna@smith.net,(675)384-0611255,2020-10-22 06:07:08
100,Patrick,Bond,daniel94@smith.net,916-323-180044661,2021-06-01 06:39:22
